<keymap version="1" name="Mac OS X 10.5+ copy" parent="Mac OS X 10.5+">
  <action id="ActivateTerminalToolWindow">
    <keyboard-shortcut first-keystroke="meta f12" />
  </action>
  <action id="CloseProject">
    <keyboard-shortcut first-keystroke="meta alt w" />
  </action>
  <action id="CompareTwoFiles">
    <keyboard-shortcut first-keystroke="alt d" />
  </action>
  <action id="CopyPathFromRepositoryRootProvider">
    <keyboard-shortcut first-keystroke="shift meta c" />
  </action>
  <action id="CopyPaths">
    <keyboard-shortcut first-keystroke="shift ctrl c" />
  </action>
  <action id="Diff.ShowDiff">
    <keyboard-shortcut first-keystroke="meta f9" />
  </action>
  <action id="DumpLookupElementWeights" />
  <action id="EditorGutterToggleGlobalSoftWraps">
    <keyboard-shortcut first-keystroke="shift meta alt w" />
  </action>
  <action id="EditorResetFontSize">
    <keyboard-shortcut first-keystroke="meta 0" />
  </action>
  <action id="EditorToggleShowBreadcrumbs">
    <keyboard-shortcut first-keystroke="shift meta 7" />
  </action>
  <action id="EditorToggleShowGutterIcons">
    <keyboard-shortcut first-keystroke="shift meta 6" />
  </action>
  <action id="EditorToggleShowLineNumbers">
    <keyboard-shortcut first-keystroke="shift meta 0" />
  </action>
  <action id="EditorToggleUseSoftWraps">
    <keyboard-shortcut first-keystroke="shift meta w" />
  </action>
  <action id="FileStructurePopup">
    <keyboard-shortcut first-keystroke="meta f11" />
  </action>
  <action id="Git.Reword.Commit">
    <keyboard-shortcut first-keystroke="f2" />
  </action>
  <action id="Javascript.Linters.JSCS.Fix">
    <keyboard-shortcut first-keystroke="ctrl meta alt slash" />
  </action>
  <action id="Macro.Markdown - bold">
    <keyboard-shortcut first-keystroke="ctrl meta alt b" />
  </action>
  <action id="Macro.Markdown - bold label">
    <keyboard-shortcut first-keystroke="shift meta l" />
  </action>
  <action id="Macro.Markdown js">
    <keyboard-shortcut first-keystroke="shift meta j" />
  </action>
  <action id="Move">
    <keyboard-shortcut first-keystroke="shift f6" />
  </action>
  <action id="MoveTabDown">
    <keyboard-shortcut first-keystroke="ctrl meta alt down" />
  </action>
  <action id="MoveTabRight">
    <keyboard-shortcut first-keystroke="ctrl meta alt right" />
  </action>
  <action id="RenameElement">
    <keyboard-shortcut first-keystroke="meta alt r" />
    <keyboard-shortcut first-keystroke="f6" />
  </action>
  <action id="Resume">
    <keyboard-shortcut first-keystroke="ctrl meta alt r" />
  </action>
  <action id="ShowNpmScripts">
    <keyboard-shortcut first-keystroke="alt f12" />
  </action>
  <action id="SplitVertically">
    <keyboard-shortcut first-keystroke="ctrl meta alt up" />
  </action>
  <action id="SwitchApply">
    <keyboard-shortcut first-keystroke="ctrl alt enter" />
  </action>
  <action id="SwitchDown">
    <keyboard-shortcut first-keystroke="ctrl alt down" />
  </action>
  <action id="SwitchLeft">
    <keyboard-shortcut first-keystroke="ctrl alt left" />
  </action>
  <action id="SwitchRight">
    <keyboard-shortcut first-keystroke="ctrl alt right" />
  </action>
  <action id="SwitchUp">
    <keyboard-shortcut first-keystroke="ctrl alt up" />
  </action>
  <action id="Tool_External Tools_Prettify">
    <keyboard-shortcut first-keystroke="shift ctrl s" />
  </action>
  <action id="UnsplitAll">
    <keyboard-shortcut first-keystroke="ctrl meta alt left" />
  </action>
  <action id="org.intellij.plugins.markdown.ui.actions.styling.ToggleCodeSpanAction" />
</keymap>