<application>
  <component name="FileTypeManager" version="18">
    <extensionMap>
      <mapping pattern="public" type="JavaScript" />
      <mapping pattern="LoginForm" type="JavaScript" />
      <mapping pattern="s" type="JavaScript" />
      <mapping ext="page" type="JavaScript" />
      <mapping ext="ja" type="JavaScript" />
      <mapping pattern="2-fetch-resources" type="Markdown" />
      <mapping pattern="xx" type="PLAIN_TEXT" />
      <mapping pattern="Procfile" type="PLAIN_TEXT" />
      <mapping pattern="nav-bar/index" type="PLAIN_TEXT" />
      <mapping pattern="content/chemex-blog" type="PLAIN_TEXT" />
      <mapping pattern=".fetch" type="PLAIN_TEXT" />
      <mapping pattern=".gitconfig" type="PLAIN_TEXT" />
      <mapping pattern="LICENSE" type="PLAIN_TEXT" />
      <mapping pattern="uid-profile" type="PLAIN_TEXT" />
      <mapping pattern="common-data" type="PLAIN_TEXT" />
      <mapping pattern="AuthLoadingScreen" type="PLAIN_TEXT" />
      <mapping pattern="fixed" type="PLAIN_TEXT" />
      <mapping pattern="test-objects" type="PLAIN_TEXT" />
      <mapping pattern=".grandmarc" type="PLAIN_TEXT" />
      <mapping pattern=".eslint" type="PLAIN_TEXT" />
      <mapping pattern="bash" type="PLAIN_TEXT" />
      <mapping ext="command" type="PLAIN_TEXT" />
      <mapping ext="toml" type="PLAIN_TEXT" />
      <mapping ext="db3" type="PLAIN_TEXT" />
    </extensionMap>
  </component>
</application>