<application>
  <component name="ActionMacroManager">
    <macro name="Markdown - bold">
      <action id="EditorCut" />
      <typing text-keycode="56:1;56:1">**</typing>
      <action id="EditorPaste" />
      <typing text-keycode="56:1;56:1">**</typing>
    </macro>
    <macro name="Markdown js">
      <action id="EditorCut" />
      <typing text-keycode="74:0;83:0">js</typing>
      <action id="ExpandLiveTemplateByTab" />
      <action id="EditorPaste" />
      <action id="EditorDown" />
    </macro>
    <macro name="Markdown - bold label">
      <action id="EditorNextWordWithSelection" />
      <action id="EditorLeftWithSelection" />
      <action id="EditorCut" />
      <typing text-keycode="56:1;56:1">**</typing>
      <action id="EditorPaste" />
      <typing text-keycode="56:1;56:1">**</typing>
      <action id="EditorLineStart" />
      <action id="EditorDown" />
    </macro>
  </component>
</application>