<application>
  <component name="ProjectManager">
    <defaultProject>
      <component name="Encoding">
        <file url="PROJECT" charset="UTF-8" />
      </component>
      <component name="InspectionProjectProfileManager">
        <profile version="1.0">
          <option name="myName" value="Project Default" />
          <inspection_tool class="UnterminatedStatementJS" enabled="false" level="WARNING" enabled_by_default="false">
            <option name="ignoreSemicolonAtEndOfBlock" value="true" />
          </inspection_tool>
        </profile>
        <version value="1.0" />
      </component>
      <component name="JSHintConfiguration" version="2.8.0" use-config-file="false">
        <option asi="false" />
        <option bitwise="false" />
        <option boss="false" />
        <option browser="true" />
        <option browserify="false" />
        <option camelcase="false" />
        <option couch="false" />
        <option curly="false" />
        <option debug="false" />
        <option devel="false" />
        <option dojo="false" />
        <option elision="false" />
        <option enforceall="false" />
        <option eqeqeq="true" />
        <option eqnull="false" />
        <option es3="false" />
        <option es5="false" />
        <option esnext="false" />
        <option evil="false" />
        <option expr="false" />
        <option forin="true" />
        <option freeze="false" />
        <option funcscope="false" />
        <option futurehostile="false" />
        <option gcl="false" />
        <option globalstrict="false" />
        <option immed="false" />
        <option iterator="false" />
        <option jasmine="false" />
        <option jquery="false" />
        <option lastsemic="false" />
        <option latedef="false" />
        <option laxbreak="false" />
        <option laxcomma="false" />
        <option loopfunc="false" />
        <option maxerr="50" />
        <option mocha="false" />
        <option mootools="false" />
        <option moz="false" />
        <option multistr="false" />
        <option newcap="false" />
        <option noarg="true" />
        <option nocomma="false" />
        <option node="false" />
        <option noempty="true" />
        <option nomen="false" />
        <option nonbsp="false" />
        <option nonew="true" />
        <option nonstandard="false" />
        <option notypeof="false" />
        <option noyield="false" />
        <option onevar="false" />
        <option passfail="false" />
        <option phantom="false" />
        <option plusplus="false" />
        <option proto="false" />
        <option prototypejs="false" />
        <option qunit="false" />
        <option quotmark="false" />
        <option rhino="false" />
        <option scripturl="false" />
        <option shadow="false" />
        <option shelljs="false" />
        <option singleGroups="false" />
        <option smarttabs="false" />
        <option strict="true" />
        <option sub="false" />
        <option supernew="false" />
        <option trailing="false" />
        <option typed="false" />
        <option undef="true" />
        <option unused="false" />
        <option validthis="false" />
        <option white="false" />
        <option withstmt="false" />
        <option worker="false" />
        <option wsh="false" />
        <option yui="false" />
      </component>
      <component name="JavaScriptLibraryMappings">
        <includedPredefinedLibrary name="Node.js Core" />
      </component>
      <component name="JavaScriptSettings">
        <option name="languageLevel" value="ES6" />
      </component>
      <component name="JsBowerSettings">
        <exe-path>/usr/local/bin/bower</exe-path>
        <config-path />
      </component>
      <component name="JsFlowSettings">
        <service-enabled>true</service-enabled>
        <exe-path />
        <annotation-enable>false</annotation-enable>
        <other-services-enabled>true</other-services-enabled>
        <auto-save>true</auto-save>
      </component>
      <component name="MarkdownProjectSettings">
        <PreviewSettings splitEditorLayout="FIRST" splitEditorPreview="PREVIEW" useGrayscaleRendering="false" zoomFactor="1.0" maxImageWidth="0" showGitHubPageIfSynced="false" allowBrowsingInPreview="false" synchronizePreviewPosition="true" highlightPreviewType="LINE" highlightFadeOut="5" highlightOnTyping="true" synchronizeSourcePosition="true" verticallyAlignSourceAndPreviewSyncPosition="true" showSearchHighlightsInPreview="true" showSelectionInPreview="true">
          <PanelProvider>
            <provider providerId="com.vladsch.idea.multimarkdown.editor.javafx.html.panel" providerName="JavaFX WebView" />
          </PanelProvider>
        </PreviewSettings>
        <ParserSettings>
          <PegdownExtensions>
            <option name="ABBREVIATIONS" value="false" />
            <option name="ANCHORLINKS" value="true" />
            <option name="ASIDE" value="false" />
            <option name="ATXHEADERSPACE" value="false" />
            <option name="AUTOLINKS" value="true" />
            <option name="DEFINITIONS" value="true" />
            <option name="FENCED_CODE_BLOCKS" value="true" />
            <option name="FOOTNOTES" value="false" />
            <option name="HARDWRAPS" value="true" />
            <option name="INSERTED" value="false" />
            <option name="QUOTES" value="false" />
            <option name="RELAXEDHRULES" value="true" />
            <option name="SMARTS" value="false" />
            <option name="STRIKETHROUGH" value="true" />
            <option name="SUBSCRIPT" value="false" />
            <option name="SUPERSCRIPT" value="false" />
            <option name="SUPPRESS_HTML_BLOCKS" value="false" />
            <option name="SUPPRESS_INLINE_HTML" value="false" />
            <option name="TABLES" value="true" />
            <option name="TASKLISTITEMS" value="true" />
            <option name="TOC" value="false" />
            <option name="WIKILINKS" value="true" />
          </PegdownExtensions>
          <ParserOptions>
            <option name="COMMONMARK_LISTS" value="false" />
            <option name="DUMMY" value="false" />
            <option name="EMOJI_SHORTCUTS" value="false" />
            <option name="FLEXMARK_FRONT_MATTER" value="false" />
            <option name="GFM_LOOSE_BLANK_LINE_AFTER_ITEM_PARA" value="false" />
            <option name="GFM_TABLE_RENDERING" value="false" />
            <option name="GITBOOK_URL_ENCODING" value="false" />
            <option name="GITHUB_EMOJI_URL" value="false" />
            <option name="GITHUB_LISTS" value="false" />
            <option name="GITHUB_WIKI_LINKS" value="true" />
            <option name="JEKYLL_FRONT_MATTER" value="false" />
            <option name="SIM_TOC_BLANK_LINE_SPACER" value="false" />
          </ParserOptions>
        </ParserSettings>
        <HtmlSettings headerTopEnabled="false" headerBottomEnabled="false" bodyTopEnabled="false" bodyBottomEnabled="false" embedUrlContent="false" addPageHeader="true">
          <GeneratorProvider>
            <provider providerId="com.vladsch.idea.multimarkdown.editor.javafx.html.generator" providerName="JavaFx HTML Generator" />
          </GeneratorProvider>
          <headerTop />
          <headerBottom />
          <bodyTop />
          <bodyBottom />
        </HtmlSettings>
        <CssSettings previewScheme="UI_SCHEME" cssUri="" isCssUriEnabled="false" isCssTextEnabled="false" isDynamicPageWidth="true">
          <StylesheetProvider>
            <provider providerId="com.vladsch.idea.multimarkdown.editor.javafx.html.css" providerName="Default JavaFx Stylesheet" />
          </StylesheetProvider>
          <ScriptProviders />
          <cssText />
        </CssSettings>
        <HtmlExportSettings updateOnSave="false" parentDir="$ProjectFileDir$" targetDir="$ProjectFileDir$" cssDir="" scriptDir="" plainHtml="false" imageDir="" copyLinkedImages="false" imageUniquifyType="0" targetExt="" useTargetExt="false" noCssNoScripts="false" linkToExportedHtml="true" exportOnSettingsChange="true" regenerateOnProjectOpen="false" />
        <LinkMapSettings>
          <textMaps />
        </LinkMapSettings>
      </component>
      <component name="NamedScopeManager">
        <scope name="my-files" pattern="" />
      </component>
      <component name="NodePackageJsonFileManager">
        <packageJsonPaths />
      </component>
      <component name="ProjectDictionaryState">
        <dictionary name="qaiser-mac" />
      </component>
      <component name="ProjectInspectionProfilesVisibleTreeState">
        <entry key="Project Default">
          <profile-state>
            <expanded-state>
              <State>
                <id />
              </State>
              <State>
                <id>Code style issuesJavaScript</id>
              </State>
              <State>
                <id>JavaScript</id>
              </State>
            </expanded-state>
            <selected-state>
              <State>
                <id>UnterminatedStatementJS</id>
              </State>
            </selected-state>
          </profile-state>
        </entry>
      </component>
      <component name="PropertiesComponent">
        <property name="HbShouldOpenHtmlAsHb" value="" />
        <property name="JavaScriptPreferStrict" value="false" />
        <property name="JavaScriptWeakerCompletionTypeGuess" value="true" />
        <property name="javascript.nodejs.core.library.configured.version" value="5.5.0" />
        <property name="js-jscs-nodeInterpreter" value="/usr/local/bin/node" />
        <property name="node.js.path.for.package.eslint" value="project" />
        <property name="node.js.path.for.package.standard" value="project" />
        <property name="node.js.selected.package.eslint" value="" />
        <property name="node.js.selected.package.standard" value="" />
        <property name="nodejs_interpreter_path.stuck_in_default_project" value="/usr/local/bin/node" />
        <property name="nodejs_npm_path_reset_for_default_project" value="true" />
        <property name="settings.editor.selected.configurable" value="configurable.group.appearance" />
      </component>
      <component name="masterDetails">
        <states>
          <state key="ScopeChooserConfigurable.UI">
            <settings>
              <last-edited>my-files</last-edited>
              <splitter-proportions>
                <option name="proportions">
                  <list>
                    <option value="0.2" />
                  </list>
                </option>
              </splitter-proportions>
              <order>
                <scope name="my-files" />
              </order>
            </settings>
          </state>
        </states>
      </component>
    </defaultProject>
  </component>
</application>