<toolSet name="External Tools">
  <tool name="Mongo" showInMainMenu="true" showInEditor="true" showInProject="true" showInSearchPopup="true" disabled="false" useConsole="false" showConsoleOnStdOut="false" showConsoleOnStdErr="false" synchronizeAfterRun="true">
    <exec>
      <option name="COMMAND" value="/Applications/mongodb/bin/mongod" />
      <option name="PARAMETERS" value="--dbpath /Applications/data/db/" />
      <option name="WORKING_DIRECTORY" value="/Applications/mongodb/bin" />
    </exec>
  </tool>
  <tool name="Prettify" showInMainMenu="true" showInEditor="true" showInProject="true" showInSearchPopup="true" disabled="false" useConsole="true" showConsoleOnStdOut="false" showConsoleOnStdErr="false" synchronizeAfterRun="true">
    <exec>
      <option name="COMMAND" value="prettier" />
      <option name="PARAMETERS" value="--write --single-quote --no-semi $FilePathRelativeToProjectRoot$" />
      <option name="WORKING_DIRECTORY" value="$ProjectFileDir$" />
    </exec>
  </tool>
  <tool name="ESLint fix" showInMainMenu="true" showInEditor="true" showInProject="true" showInSearchPopup="true" disabled="false" useConsole="true" showConsoleOnStdOut="true" showConsoleOnStdErr="false" synchronizeAfterRun="true">
    <exec>
      <option name="COMMAND" value="eslint" />
      <option name="PARAMETERS" value="--fix $FilePathRelativeToProjectRoot$" />
      <option name="WORKING_DIRECTORY" value="$ProjectFileDir$" />
    </exec>
  </tool>
</toolSet>